[
  {
    "block_name":"BLOCK_0",
    "through_block_net_num":66360,
    "through_block_edge_net_num":[],
    "block_port_region":[],
    "is_feedthroughable":"True",
    "is_tile":"False"
  },
  {
    "block_name":"BLOCK_1",
    "through_block_net_num":50920,
    "through_block_edge_net_num":[],
    "block_port_region":[],
    "is_feedthroughable":"True",
    "is_tile":"False"
  },
  {
    "block_name":"BLOCK_2",
    "through_block_net_num":52480,
    "through_block_edge_net_num":[],
    "block_port_region":[],
    "is_feedthroughable":"True",
    "is_tile":"False"
  },
  {
    "block_name":"BLOCK_3",
    "through_block_net_num":40860,
    "through_block_edge_net_num":[],
    "block_port_region":[],
    "is_feedthroughable":"True",
    "is_tile":"False"
  },
  {
    "block_name":"BLOCK_4",
    "through_block_net_num":25480,
    "through_block_edge_net_num":[],
    "block_port_region":[],
    "is_feedthroughable":"True",
    "is_tile":"False"
  },
  {
    "block_name":"BLOCK_5",
    "through_block_net_num":48920,
    "through_block_edge_net_num":[],
    "block_port_region":[],
    "is_feedthroughable":"True",
    "is_tile":"False"
  },
  {
    "block_name":"BLOCK_6",
    "through_block_net_num":40420,
    "through_block_edge_net_num":[],
    "block_port_region":[],
    "is_feedthroughable":"True",
    "is_tile":"False"
  },
  {
    "block_name":"BLOCK_7",
    "through_block_net_num":62120,
    "through_block_edge_net_num":[],
    "block_port_region":[],
    "is_feedthroughable":"True",
    "is_tile":"False"
  },
  {
    "block_name":"BLOCK_8",
    "through_block_net_num":39800,
    "through_block_edge_net_num":[],
    "block_port_region":[],
    "is_feedthroughable":"True",
    "is_tile":"False"
  },
  {
    "block_name":"BLOCK_9",
    "through_block_net_num":146860,
    "through_block_edge_net_num":[],
    "block_port_region":[],
    "is_feedthroughable":"False",
    "is_tile":"False"
  },
  {
    "block_name":"BLOCK_10",
    "through_block_net_num":257520,
    "through_block_edge_net_num":[],
    "block_port_region":[],
    "is_feedthroughable":"False",
    "is_tile":"False"
  },
  {
    "block_name":"BLOCK_11",
    "through_block_net_num":222720,
    "through_block_edge_net_num":[],
    "block_port_region":[],
    "is_feedthroughable":"False",
    "is_tile":"False"
  },
  {
    "block_name":"BLOCK_12",
    "through_block_net_num":33160,
    "through_block_edge_net_num":[],
    "block_port_region":[],
    "is_feedthroughable":"True",
    "is_tile":"False"
  },
  {
    "block_name":"BLOCK_13",
    "through_block_net_num":67360,
    "through_block_edge_net_num":[],
    "block_port_region":[],
    "is_feedthroughable":"True",
    "is_tile":"False"
  },
  {
    "block_name":"BLOCK_14",
    "through_block_net_num":71520,
    "through_block_edge_net_num":[],
    "block_port_region":[],
    "is_feedthroughable":"True",
    "is_tile":"False"
  },
  {
    "block_name":"BLOCK_15",
    "through_block_net_num":35380,
    "through_block_edge_net_num":[],
    "block_port_region":[],
    "is_feedthroughable":"True",
    "is_tile":"False"
  },
  {
    "block_name":"BLOCK_16",
    "through_block_net_num":17960,
    "through_block_edge_net_num":[],
    "block_port_region":[],
    "is_feedthroughable":"True",
    "is_tile":"False"
  },
  {
    "block_name":"BLOCK_17",
    "through_block_net_num":21000,
    "through_block_edge_net_num":[],
    "block_port_region":[],
    "is_feedthroughable":"True",
    "is_tile":"False"
  },
  {
    "block_name":"BLOCK_18",
    "through_block_net_num":193700,
    "through_block_edge_net_num":[],
    "block_port_region":[],
    "is_feedthroughable":"False",
    "is_tile":"False"
  },
  {
    "block_name":"BLOCK_19",
    "through_block_net_num":84160,
    "through_block_edge_net_num":[],
    "block_port_region":[],
    "is_feedthroughable":"True",
    "is_tile":"False"
  },
  {
    "block_name":"BLOCK_20",
    "through_block_net_num":112980,
    "through_block_edge_net_num":[],
    "block_port_region":[],
    "is_feedthroughable":"True",
    "is_tile":"False"
  },
  {
    "block_name":"BLOCK_21",
    "through_block_net_num":47080,
    "through_block_edge_net_num":[],
    "block_port_region":[],
    "is_feedthroughable":"True",
    "is_tile":"False"
  },
  {
    "block_name":"BLOCK_22",
    "through_block_net_num":26720,
    "through_block_edge_net_num":[],
    "block_port_region":[],
    "is_feedthroughable":"True",
    "is_tile":"False"
  },
  {
    "block_name":"BLOCK_23",
    "through_block_net_num":18760,
    "through_block_edge_net_num":[],
    "block_port_region":[],
    "is_feedthroughable":"True",
    "is_tile":"False"
  },
  {
    "block_name":"BLOCK_24",
    "through_block_net_num":30760,
    "through_block_edge_net_num":[],
    "block_port_region":[],
    "is_feedthroughable":"True",
    "is_tile":"False"
  },
  {
    "block_name":"BLOCK_25",
    "through_block_net_num":27900,
    "through_block_edge_net_num":[],
    "block_port_region":[],
    "is_feedthroughable":"True",
    "is_tile":"False"
  },
  {
    "block_name":"BLOCK_26",
    "through_block_net_num":76800,
    "through_block_edge_net_num":[],
    "block_port_region":[],
    "is_feedthroughable":"True",
    "is_tile":"False"
  },
  {
    "block_name":"BLOCK_27",
    "through_block_net_num":61120,
    "through_block_edge_net_num":[],
    "block_port_region":[],
    "is_feedthroughable":"True",
    "is_tile":"False"
  },
  {
    "block_name":"BLOCK_28",
    "through_block_net_num":35120,
    "through_block_edge_net_num":[],
    "block_port_region":[],
    "is_feedthroughable":"True",
    "is_tile":"False"
  },
  {
    "block_name":"BLOCK_29",
    "through_block_net_num":67680,
    "through_block_edge_net_num":[],
    "block_port_region":[],
    "is_feedthroughable":"True",
    "is_tile":"False"
  },
  {
    "block_name":"BLOCK_30",
    "through_block_net_num":67940,
    "through_block_edge_net_num":[],
    "block_port_region":[],
    "is_feedthroughable":"True",
    "is_tile":"False"
  },
  {
    "block_name":"BLOCK_31",
    "through_block_net_num":39820,
    "through_block_edge_net_num":[],
    "block_port_region":[],
    "is_feedthroughable":"True",
    "is_tile":"False"
  },
  {
    "block_name":"BLOCK_32",
    "through_block_net_num":6040,
    "through_block_edge_net_num":[],
    "block_port_region":[],
    "is_feedthroughable":"True",
    "is_tile":"False"
  },
  {
    "block_name":"BLOCK_33",
    "through_block_net_num":20360,
    "through_block_edge_net_num":[],
    "block_port_region":[],
    "is_feedthroughable":"True",
    "is_tile":"False"
  },
  {
    "block_name":"BLOCK_34",
    "through_block_net_num":20360,
    "through_block_edge_net_num":[],
    "block_port_region":[],
    "is_feedthroughable":"True",
    "is_tile":"False"
  },
  {
    "block_name":"BLOCK_35",
    "through_block_net_num":3760,
    "through_block_edge_net_num":[],
    "block_port_region":[],
    "is_feedthroughable":"True",
    "is_tile":"False"
  },
  {
    "block_name":"BLOCK_36",
    "through_block_net_num":3760,
    "through_block_edge_net_num":[],
    "block_port_region":[],
    "is_feedthroughable":"True",
    "is_tile":"False"
  },
  {
    "block_name":"BLOCK_37",
    "through_block_net_num":3600,
    "through_block_edge_net_num":[],
    "block_port_region":[],
    "is_feedthroughable":"True",
    "is_tile":"False"
  },
  {
    "block_name":"BLOCK_38",
    "through_block_net_num":3760,
    "through_block_edge_net_num":[],
    "block_port_region":[],
    "is_feedthroughable":"True",
    "is_tile":"False"
  },
  {
    "block_name":"BLOCK_39",
    "through_block_net_num":3760,
    "through_block_edge_net_num":[],
    "block_port_region":[],
    "is_feedthroughable":"True",
    "is_tile":"False"
  },
  {
    "block_name":"BLOCK_40",
    "through_block_net_num":3760,
    "through_block_edge_net_num":[],
    "block_port_region":[],
    "is_feedthroughable":"True",
    "is_tile":"False"
  },
  {
    "block_name":"BLOCK_41",
    "through_block_net_num":3760,
    "through_block_edge_net_num":[],
    "block_port_region":[],
    "is_feedthroughable":"True",
    "is_tile":"False"
  },
  {
    "block_name":"BLOCK_42",
    "through_block_net_num":3760,
    "through_block_edge_net_num":[],
    "block_port_region":[],
    "is_feedthroughable":"True",
    "is_tile":"False"
  },
  {
    "block_name":"BLOCK_43",
    "through_block_net_num":3760,
    "through_block_edge_net_num":[],
    "block_port_region":[],
    "is_feedthroughable":"True",
    "is_tile":"False"
  },
  {
    "block_name":"BLOCK_44",
    "through_block_net_num":3760,
    "through_block_edge_net_num":[],
    "block_port_region":[],
    "is_feedthroughable":"True",
    "is_tile":"False"
  },
  {
    "block_name":"BLOCK_45",
    "through_block_net_num":3760,
    "through_block_edge_net_num":[],
    "block_port_region":[],
    "is_feedthroughable":"True",
    "is_tile":"False"
  },
  {
    "block_name":"BLOCK_46",
    "through_block_net_num":3760,
    "through_block_edge_net_num":[],
    "block_port_region":[],
    "is_feedthroughable":"True",
    "is_tile":"False"
  },
  {
    "block_name":"BLOCK_47",
    "through_block_net_num":3760,
    "through_block_edge_net_num":[],
    "block_port_region":[],
    "is_feedthroughable":"True",
    "is_tile":"False"
  },
  {
    "block_name":"BLOCK_48",
    "through_block_net_num":3760,
    "through_block_edge_net_num":[],
    "block_port_region":[],
    "is_feedthroughable":"True",
    "is_tile":"False"
  },
  {
    "block_name":"BLOCK_49",
    "through_block_net_num":3760,
    "through_block_edge_net_num":[],
    "block_port_region":[],
    "is_feedthroughable":"True",
    "is_tile":"False"
  },
  {
    "block_name":"BLOCK_50",
    "through_block_net_num":3760,
    "through_block_edge_net_num":[],
    "block_port_region":[],
    "is_feedthroughable":"True",
    "is_tile":"False"
  },
  {
    "block_name":"BLOCK_51",
    "through_block_net_num":3760,
    "through_block_edge_net_num":[],
    "block_port_region":[],
    "is_feedthroughable":"True",
    "is_tile":"False"
  },
  {
    "block_name":"BLOCK_52",
    "through_block_net_num":56360,
    "through_block_edge_net_num":[],
    "block_port_region":[],
    "is_feedthroughable":"False",
    "is_tile":"False"
  },
  {
    "block_name":"BLOCK_53",
    "through_block_net_num":26720,
    "through_block_edge_net_num":[],
    "block_port_region":[],
    "is_feedthroughable":"False",
    "is_tile":"False"
  },
  {
    "block_name":"BLOCK_54",
    "through_block_net_num":14760,
    "through_block_edge_net_num":[],
    "block_port_region":[],
    "is_feedthroughable":"False",
    "is_tile":"False"
  },
  {
    "block_name":"BLOCK_55",
    "through_block_net_num":14760,
    "through_block_edge_net_num":[],
    "block_port_region":[],
    "is_feedthroughable":"False",
    "is_tile":"False"
  },
  {
    "block_name":"BLOCK_56",
    "through_block_net_num":32160,
    "through_block_edge_net_num":[],
    "block_port_region":[],
    "is_feedthroughable":"False",
    "is_tile":"False"
  },
  {
    "block_name":"BLOCK_57",
    "through_block_net_num":1960,
    "through_block_edge_net_num":[],
    "block_port_region":[],
    "is_feedthroughable":"False",
    "is_tile":"False"
  },
  {
    "block_name":"BLOCK_58",
    "through_block_net_num":22560,
    "through_block_edge_net_num":[],
    "block_port_region":[],
    "is_feedthroughable":"False",
    "is_tile":"False"
  },
  {
    "block_name":"BLOCK_59",
    "through_block_net_num":16560,
    "through_block_edge_net_num":[],
    "block_port_region":[],
    "is_feedthroughable":"False",
    "is_tile":"False"
  },
  {
    "block_name":"BLOCK_60",
    "through_block_net_num":16560,
    "through_block_edge_net_num":[],
    "block_port_region":[],
    "is_feedthroughable":"False",
    "is_tile":"False"
  },
  {
    "block_name":"BLOCK_61",
    "through_block_net_num":16160,
    "through_block_edge_net_num":[],
    "block_port_region":[],
    "is_feedthroughable":"False",
    "is_tile":"False"
  },
  {
    "block_name":"BLOCK_62",
    "through_block_net_num":16560,
    "through_block_edge_net_num":[],
    "block_port_region":[],
    "is_feedthroughable":"False",
    "is_tile":"False"
  },
  {
    "block_name":"BLOCK_63",
    "through_block_net_num":22560,
    "through_block_edge_net_num":[],
    "block_port_region":[],
    "is_feedthroughable":"False",
    "is_tile":"False"
  },
  {
    "block_name":"BLOCK_64",
    "through_block_net_num":27760,
    "through_block_edge_net_num":[],
    "block_port_region":[],
    "is_feedthroughable":"False",
    "is_tile":"False"
  },
  {
    "block_name":"BLOCK_65",
    "through_block_net_num":11680,
    "through_block_edge_net_num":[],
    "block_port_region":[],
    "is_feedthroughable":"False",
    "is_tile":"False"
  },
  {
    "block_name":"BLOCK_66",
    "through_block_net_num":11680,
    "through_block_edge_net_num":[],
    "block_port_region":[],
    "is_feedthroughable":"False",
    "is_tile":"False"
  },
  {
    "block_name":"BLOCK_67",
    "through_block_net_num":11680,
    "through_block_edge_net_num":[],
    "block_port_region":[],
    "is_feedthroughable":"False",
    "is_tile":"False"
  },
  {
    "block_name":"BLOCK_68",
    "through_block_net_num":11680,
    "through_block_edge_net_num":[],
    "block_port_region":[],
    "is_feedthroughable":"False",
    "is_tile":"False"
  },
  {
    "block_name":"BLOCK_69",
    "through_block_net_num":11680,
    "through_block_edge_net_num":[],
    "block_port_region":[],
    "is_feedthroughable":"False",
    "is_tile":"False"
  },
  {
    "block_name":"BLOCK_70",
    "through_block_net_num":11680,
    "through_block_edge_net_num":[],
    "block_port_region":[],
    "is_feedthroughable":"False",
    "is_tile":"False"
  },
  {
    "block_name":"BLOCK_71",
    "through_block_net_num":11680,
    "through_block_edge_net_num":[],
    "block_port_region":[],
    "is_feedthroughable":"False",
    "is_tile":"False"
  },
  {
    "block_name":"BLOCK_72",
    "through_block_net_num":29180,
    "through_block_edge_net_num":[],
    "block_port_region":[],
    "is_feedthroughable":"False",
    "is_tile":"False"
  },
  {
    "block_name":"BLOCK_73",
    "through_block_net_num":34560,
    "through_block_edge_net_num":[],
    "block_port_region":[],
    "is_feedthroughable":"True",
    "is_tile":"False"
  },
  {
    "block_name":"BLOCK_74",
    "through_block_net_num":34600,
    "through_block_edge_net_num":[],
    "block_port_region":[],
    "is_feedthroughable":"True",
    "is_tile":"False"
  },
  {
    "block_name":"BLOCK_75",
    "through_block_net_num":34560,
    "through_block_edge_net_num":[],
    "block_port_region":[],
    "is_feedthroughable":"True",
    "is_tile":"False"
  },
  {
    "block_name":"BLOCK_76",
    "through_block_net_num":13960,
    "through_block_edge_net_num":[],
    "block_port_region":[],
    "is_feedthroughable":"False",
    "is_tile":"False"
  },
  {
    "block_name":"BLOCK_77",
    "through_block_net_num":25160,
    "through_block_edge_net_num":[],
    "block_port_region":[],
    "is_feedthroughable":"False",
    "is_tile":"False"
  }
]